Workbook

Sheet Partner
A1: Partner-ID | B1: Vorname | C1: Nachname | D1: E-Mail | E1: Telefon | F1: Empfehlungscode | G1: Status | H1: Registrierung am | I1: Double-Opt-In am | J1: DSE-Version | K1: TB-Version | L1: Consent-IP | M1: Anzahl Empfehlungen | N1: Davon abgeschlossen | O1: Offene Provision (€) | P1: Ausgezahlte Prov. (€) | Q1: Gesamt-Provision (€) | R1: IBAN | S1: PayPal | T1: Steuernr./USt-ID | U1: Notizen
A2: DW24-ANNA01 | B2: Anna | C2: Müller | D2: anna@example.com | E2: +49 170 1234567 | F2: DW24-ANNA01 | G2: Aktiv | H2: 03.03.2026 | I2: 03.03.2026 | J2: v1.0 | K2: v1.0 | L2: 192.168.1.1 | M2: =COUNTIF(Empfehlungen!B:B,F2) | N2: =COUNTIFS(Empfehlungen!B:B,F2,Empfehlungen!J:J,"Abgeschlossen") | O2: =COUNTIFS(Empfehlungen!B:B,F2,Empfehlungen!M:M,"Ja",Empfehlungen!N:N,"Nein")*199 | P2: =SUMPRODUCT((Auszahlungen!B:B=F2)*Auszahlungen!E:E) | Q2: =O2+P2

Sheet Empfehlungen
A1: Empfehlungs-ID | B1: Empfehlungscode | C1: Partner-Name | D1: Empfohlener Name | E1: Empfohlene Firma | F1: Empfohlene E-Mail | G1: Empfohlenes Telefon | H1: Branche/Gewerk | I1: Empfohlen am | J1: Status | K1: DW24-Auftragswert (€) | L1: Kunde bezahlt am | M1: Provision fällig | N1: Provision ausgezahlt | O1: Notizen
A2: EMP-2026-001 | B2: DW24-ANNA01 | C2: =IFERROR(INDEX(Partner!B:B,MATCH(B2,Partner!F:F,0))&" "&INDEX(Partner!C:C,MATCH(B2,Partner!F:F,0)),"") | D2: Max Maier | E2: Maier Elektrotechnik | F2: max@maier-elektro.de | G2: +49 171 9876543 | H2: Elektriker | I2: 05.03.2026 | J2: Abgeschlossen | K2: 1490 | L2: 15.03.2026 | M2: =IF(L2<>"","Ja","Nein") | N2: Nein

Sheet Auszahlungen
A1: Auszahlungs-ID | B1: Empfehlungscode | C1: Partner-Name | D1: Empfehlungs-ID | E1: Betrag (€) | F1: Auszahlungsdatum | G1: Zahlungsmethode | H1: Referenz/Buchungsnr. | I1: Status | J1: Notizen
A2: AUS-2026-001 | B2: DW24-ANNA01 | C2: =IFERROR(INDEX(Partner!B:B,MATCH(B2,Partner!F:F,0))&" "&INDEX(Partner!C:C,MATCH(B2,Partner!F:F,0)),"") | D2: EMP-2026-001 | E2: 199 | F2: 20.03.2026 | G2: Überweisung | I2: Offen

Sheet Dashboard
A1: 📊 DW24 Empfehlungsprogramm – Dashboard
A3: Aktive Partner | C3: Empfehlungen gesamt | E3: Davon abgeschlossen
A4: =COUNTIF(Partner!G:G,"Aktiv") | C4: =COUNTA(Empfehlungen!A:A)-1 | E4: =COUNTIF(Empfehlungen!J:J,"Abgeschlossen")
A6: Conversion-Rate | C6: Offene Provisionen (€) | E6: Ausgezahlt gesamt (€)
A7: =IFERROR(COUNTIF(Empfehlungen!J:J,"Abgeschlossen")/(COUNTA(Empfehlungen!A:A)-1),0) | C7: =COUNTIFS(Empfehlungen!M:M,"Ja",Empfehlungen!N:N,"Nein")*199 | E7: =SUM(Auszahlungen!E:E)
A9: Empfehlungen diesen Monat | C9: Neue Partner diesen Monat | E9: Umsatz diesen Monat (€)
A10: =COUNTIFS(Empfehlungen!I:I,">="&DATE(YEAR(TODAY()),MONTH(TODAY()),1),Empfehlungen!I:I,"<="&EOMONTH(TODAY(),0)) | C10: =COUNTIFS(Partner!H:H,">="&DATE(YEAR(TODAY()),MONTH(TODAY()),1),Partner!H:H,"<="&EOMONTH(TODAY(),0)) | E10: =SUMPRODUCT((Empfehlungen!L:L>=DATE(YEAR(TODAY()),MONTH(TODAY()),1))*(Empfehlungen!L:L<=EOMONTH(TODAY(),0))*Empfehlungen!K:K)
A12: 🏆 Top-5 Partner nach Empfehlungen
A13: Rang | B13: Partner-Name | C13: Empfehlungscode | D13: Empfehlungen
A14: 1 | B14: =IFERROR(INDEX(Partner!B:B,MATCH(LARGE(Partner!M:M,1),Partner!M:M,0))&" "&INDEX(Partner!C:C,MATCH(LARGE(Partner!M:M,1),Partner!M:M,0)),"-") | C14: =IFERROR(INDEX(Partner!F:F,MATCH(LARGE(Partner!M:M,1),Partner!M:M,0)),"-") | D14: =IFERROR(LARGE(Partner!M:M,1),"-")
A15: 2 | B15: =IFERROR(INDEX(Partner!B:B,MATCH(LARGE(Partner!M:M,2),Partner!M:M,0))&" "&INDEX(Partner!C:C,MATCH(LARGE(Partner!M:M,2),Partner!M:M,0)),"-") | C15: =IFERROR(INDEX(Partner!F:F,MATCH(LARGE(Partner!M:M,2),Partner!M:M,0)),"-") | D15: =IFERROR(LARGE(Partner!M:M,2),"-")
A16: 3 | B16: =IFERROR(INDEX(Partner!B:B,MATCH(LARGE(Partner!M:M,3),Partner!M:M,0))&" "&INDEX(Partner!C:C,MATCH(LARGE(Partner!M:M,3),Partner!M:M,0)),"-") | C16: =IFERROR(INDEX(Partner!F:F,MATCH(LARGE(Partner!M:M,3),Partner!M:M,0)),"-") | D16: =IFERROR(LARGE(Partner!M:M,3),"-")
A17: 4 | B17: =IFERROR(INDEX(Partner!B:B,MATCH(LARGE(Partner!M:M,4),Partner!M:M,0))&" "&INDEX(Partner!C:C,MATCH(LARGE(Partner!M:M,4),Partner!M:M,0)),"-") | C17: =IFERROR(INDEX(Partner!F:F,MATCH(LARGE(Partner!M:M,4),Partner!M:M,0)),"-") | D17: =IFERROR(LARGE(Partner!M:M,4),"-")
A18: 5 | B18: =IFERROR(INDEX(Partner!B:B,MATCH(LARGE(Partner!M:M,5),Partner!M:M,0))&" "&INDEX(Partner!C:C,MATCH(LARGE(Partner!M:M,5),Partner!M:M,0)),"-") | C18: =IFERROR(INDEX(Partner!F:F,MATCH(LARGE(Partner!M:M,5),Partner!M:M,0)),"-") | D18: =IFERROR(LARGE(Partner!M:M,5),"-")
A20: ℹ️ Alle Werte werden automatisch berechnet. Keine manuellen Eingaben auf diesem Blatt.
